foto-01	PXL_20260505_130942144.MP~2.jpg	group=PXL_20260505_130942144	frame=2
foto-02	PXL_20260505_130955200.MP~2.jpg	group=PXL_20260505_130955200	frame=2
foto-03	PXL_20260505_131003038.MP~2.jpg	group=PXL_20260505_131003038	frame=2
foto-04	PXL_20260505_131013619.MP~2.jpg	group=PXL_20260505_131013619	frame=2
foto-05	PXL_20260505_131022815.MP~2.jpg	group=PXL_20260505_131022815	frame=2
foto-06	PXL_20260505_131028892.MP~2.jpg	group=PXL_20260505_131028892	frame=2
foto-07	PXL_20260505_131036492.MP~2.jpg	group=PXL_20260505_131036492	frame=2
foto-08	PXL_20260505_131046945.MP~2.jpg	group=PXL_20260505_131046945	frame=2
foto-09	PXL_20260505_131055141.MP~2.jpg	group=PXL_20260505_131055141	frame=2
foto-10	PXL_20260505_131103423.MP~2.jpg	group=PXL_20260505_131103423	frame=2
foto-11	PXL_20260505_131121196.MP~2.jpg	group=PXL_20260505_131121196	frame=2
foto-12	PXL_20260505_131137989.MP~2.jpg	group=PXL_20260505_131137989	frame=2
foto-13	PXL_20260505_131137989.MP~3.jpg	group=PXL_20260505_131137989	frame=3
foto-14	PXL_20260505_131143810.MP~2.jpg	group=PXL_20260505_131143810	frame=2
foto-15	PXL_20260505_131143810.MP~3.jpg	group=PXL_20260505_131143810	frame=3
foto-16	PXL_20260505_131154198.MP~2.jpg	group=PXL_20260505_131154198	frame=2
foto-17	PXL_20260505_131154198.MP~3.jpg	group=PXL_20260505_131154198	frame=3
foto-18	PXL_20260505_131202153.MP~2.jpg	group=PXL_20260505_131202153	frame=2
foto-19	PXL_20260505_131202153.MP~3.jpg	group=PXL_20260505_131202153	frame=3
foto-20	PXL_20260505_131202153.MP~4.jpg	group=PXL_20260505_131202153	frame=4
foto-21	PXL_20260505_131207109.MP~2.jpg	group=PXL_20260505_131207109	frame=2
foto-22	PXL_20260505_131207109.MP~3.jpg	group=PXL_20260505_131207109	frame=3
foto-23	PXL_20260505_131212281.MP~2.jpg	group=PXL_20260505_131212281	frame=2
foto-24	PXL_20260505_131212281.MP~3.jpg	group=PXL_20260505_131212281	frame=3
foto-25	PXL_20260505_131218695.MP~2.jpg	group=PXL_20260505_131218695	frame=2
foto-26	PXL_20260505_131218695.MP~3.jpg	group=PXL_20260505_131218695	frame=3
foto-27	PXL_20260505_131218695.MP~4.jpg	group=PXL_20260505_131218695	frame=4
foto-28	PXL_20260505_131218695.MP~5.jpg	group=PXL_20260505_131218695	frame=5
foto-29	PXL_20260505_131238174.MP~2.jpg	group=PXL_20260505_131238174	frame=2
foto-30	PXL_20260505_131254430.MP~2.jpg	group=PXL_20260505_131254430	frame=2
foto-31	PXL_20260505_131303137.MP~2.jpg	group=PXL_20260505_131303137	frame=2
foto-32	PXL_20260505_131303137.MP~3.jpg	group=PXL_20260505_131303137	frame=3
foto-33	PXL_20260505_131310730.MP~2.jpg	group=PXL_20260505_131310730	frame=2
foto-34	PXL_20260505_131310730.MP~3.jpg	group=PXL_20260505_131310730	frame=3
foto-35	PXL_20260505_131315917.MP~2.jpg	group=PXL_20260505_131315917	frame=2
foto-36	PXL_20260505_131315917.MP~3.jpg	group=PXL_20260505_131315917	frame=3
foto-37	PXL_20260505_131326004.MP~2.jpg	group=PXL_20260505_131326004	frame=2
foto-38	PXL_20260505_131326004.MP~3.jpg	group=PXL_20260505_131326004	frame=3
foto-39	PXL_20260505_131330407.MP~2.jpg	group=PXL_20260505_131330407	frame=2
foto-40	PXL_20260505_131330407.MP~3.jpg	group=PXL_20260505_131330407	frame=3
foto-41	PXL_20260505_131335497.MP~2.jpg	group=PXL_20260505_131335497	frame=2
foto-42	PXL_20260505_131335497.MP~3.jpg	group=PXL_20260505_131335497	frame=3
foto-43	PXL_20260505_131338596.MP~2.jpg	group=PXL_20260505_131338596	frame=2
foto-44	PXL_20260505_131338596.MP~3.jpg	group=PXL_20260505_131338596	frame=3
foto-45	PXL_20260505_131345726.MP~2.jpg	group=PXL_20260505_131345726	frame=2
foto-46	PXL_20260505_131345726.MP~3.jpg	group=PXL_20260505_131345726	frame=3
foto-47	PXL_20260505_131345726.MP~4.jpg	group=PXL_20260505_131345726	frame=4
foto-48	PXL_20260505_131345726.MP~5.jpg	group=PXL_20260505_131345726	frame=5
foto-49	PXL_20260505_131349305.MP~2.jpg	group=PXL_20260505_131349305	frame=2
foto-50	PXL_20260505_131349305.MP~3.jpg	group=PXL_20260505_131349305	frame=3
foto-51	PXL_20260505_131356952.MP~2.jpg	group=PXL_20260505_131356952	frame=2
foto-52	PXL_20260505_131356952.MP~3.jpg	group=PXL_20260505_131356952	frame=3
foto-53	PXL_20260505_131402613.MP~2.jpg	group=PXL_20260505_131402613	frame=2
foto-54	PXL_20260505_131402613.MP~3.jpg	group=PXL_20260505_131402613	frame=3
foto-55	PXL_20260505_131430218.MP~2.jpg	group=PXL_20260505_131430218	frame=2
foto-56	PXL_20260505_131430218.MP~4.jpg	group=PXL_20260505_131430218	frame=4
foto-57	PXL_20260505_131438413.MP~2.jpg	group=PXL_20260505_131438413	frame=2
foto-58	PXL_20260505_131438413.MP~3.jpg	group=PXL_20260505_131438413	frame=3
foto-59	PXL_20260505_131442051.MP~2.jpg	group=PXL_20260505_131442051	frame=2
foto-60	PXL_20260505_131442051.MP~3.jpg	group=PXL_20260505_131442051	frame=3
foto-61	PXL_20260505_131446830.MP~2.jpg	group=PXL_20260505_131446830	frame=2
foto-62	PXL_20260505_131446830.MP~3.jpg	group=PXL_20260505_131446830	frame=3
foto-63	PXL_20260505_131446830.MP~4.jpg	group=PXL_20260505_131446830	frame=4
foto-64	PXL_20260505_131449983.MP~2.jpg	group=PXL_20260505_131449983	frame=2
foto-65	PXL_20260505_131449983.MP~3.jpg	group=PXL_20260505_131449983	frame=3
foto-66	PXL_20260505_131453919.MP~2.jpg	group=PXL_20260505_131453919	frame=2
foto-67	PXL_20260505_131500993.MP~2.jpg	group=PXL_20260505_131500993	frame=2
foto-68	PXL_20260505_131500993.MP~3.jpg	group=PXL_20260505_131500993	frame=3
foto-69	PXL_20260505_131506144.MP~2.jpg	group=PXL_20260505_131506144	frame=2
foto-70	PXL_20260505_131506144.MP~3.jpg	group=PXL_20260505_131506144	frame=3
foto-71	PXL_20260505_131508739.MP~2.jpg	group=PXL_20260505_131508739	frame=2
foto-72	PXL_20260505_131520098.MP~2.jpg	group=PXL_20260505_131520098	frame=2
foto-73	PXL_20260505_131534215.MP~2.jpg	group=PXL_20260505_131534215	frame=2
foto-74	PXL_20260505_131544303.MP~2.jpg	group=PXL_20260505_131544303	frame=2
foto-75	PXL_20260505_131551229.MP~2.jpg	group=PXL_20260505_131551229	frame=2
foto-76	PXL_20260505_131556900.MP~2.jpg	group=PXL_20260505_131556900	frame=2
foto-77	PXL_20260505_131604400.MP~2.jpg	group=PXL_20260505_131604400	frame=2
foto-78	PXL_20260505_131616063.MP~2.jpg	group=PXL_20260505_131616063	frame=2
foto-79	PXL_20260505_131616063.MP.jpg	group=PXL_20260505_131616063	frame=1
foto-80	PXL_20260505_131632419.MP~2.jpg	group=PXL_20260505_131632419	frame=2
foto-81	PXL_20260505_131651401.MP~2.jpg	group=PXL_20260505_131651401	frame=2
foto-82	PXL_20260505_131700115.MP~2.jpg	group=PXL_20260505_131700115	frame=2
foto-83	PXL_20260505_131709097.MP~2.jpg	group=PXL_20260505_131709097	frame=2
foto-84	PXL_20260505_131718569.MP~2.jpg	group=PXL_20260505_131718569	frame=2
foto-85	PXL_20260505_131726259.MP~2.jpg	group=PXL_20260505_131726259	frame=2
foto-86	PXL_20260505_131730761.MP~2.jpg	group=PXL_20260505_131730761	frame=2
foto-87	PXL_20260505_131747789.MP~2.jpg	group=PXL_20260505_131747789	frame=2
foto-88	PXL_20260505_131754758.MP~2.jpg	group=PXL_20260505_131754758	frame=2
foto-89	PXL_20260505_131758344.MP~2.jpg	group=PXL_20260505_131758344	frame=2
